Arizona Cardinals,Signed helmets,77.99
Arizona Cardinals,Autographed Football,99.89
Arizona Cardinals,Team pennant,17.99
Arizona Cardinals,Team picture,29.99
Arizona Cardinals,Team jersey,199.99
Atlanta Falcons,Signed helmets,77.99
Atlanta Falcons,Autographed Football,99.89
Atlanta Falcons,Team pennant,17.99
Atlanta Falcons,Team picture,29.99
Atlanta Falcons,Team jersey,199.99
Baltimore Ravens,Signed helmets,77.99
Baltimore Ravens,Autographed Football,99.89
Baltimore Ravens,Team pennant,17.99
Baltimore Ravens,Team picture,29.99
Baltimore Ravens,Team jersey,199.99
Buffalo Bills,Signed helmets,77.99
Buffalo Bills,Autographed Football,99.89
Buffalo Bills,Team pennant,17.99
Buffalo Bills,Team picture,29.99
Buffalo Bills,Team jersey,199.99
Carolina Panthers,Signed helmets,77.99
Carolina Panthers,Autographed Football,99.89
Carolina Panthers,Team pennant,17.99
Carolina Panthers,Team picture,29.99
Carolina Panthers,Team jersey,199.99
Chicago Bears,Signed helmets,77.99
Chicago Bears,Autographed Football,99.89
Chicago Bears,Team pennant,17.99
Chicago Bears,Team picture,29.99
Chicago Bears,Team jersey,199.99
Cincinnati Bengals,Signed helmets,77.99
Cincinnati Bengals,Autographed Football,99.89
Cincinnati Bengals,Team pennant,17.99
Cincinnati Bengals,Team picture,29.99
Cincinnati Bengals,Team jersey,199.99
Cleveland Browns,Signed helmets,77.99
Cleveland Browns,Autographed Football,99.89
Cleveland Browns,Team pennant,17.99
Cleveland Browns,Team picture,29.99
Cleveland Browns,Team jersey,199.99
Dallas Cowboys,Signed helmets,77.99
Dallas Cowboys,Autographed Football,99.89
Dallas Cowboys,Team pennant,17.99
Dallas Cowboys,Team picture,29.99
Dallas Cowboys,Team jersey,199.99
Denver Broncos,Signed helmets,77.99
Denver Broncos,Autographed Football,99.89
Denver Broncos,Team pennant,17.99
Denver Broncos,Team picture,29.99
Denver Broncos,Team jersey,199.99
Detroit Lions,Signed helmets,77.99
Detroit Lions,Autographed Football,99.89
Detroit Lions,Team pennant,17.99
Detroit Lions,Team picture,29.99
Detroit Lions,Team jersey,199.99
Green Bay Packers,Signed helmets,77.99
Green Bay Packers,Autographed Football,99.89
Green Bay Packers,Team pennant,17.99
Green Bay Packers,Team picture,29.99
Green Bay Packers,Team jersey,199.99
Houston Texans,Signed helmets,77.99
Houston Texans,Autographed Football,99.89
Houston Texans,Team pennant,17.99
Houston Texans,Team picture,29.99
Houston Texans,Team jersey,199.99
Indianapolis Colts,Signed helmets,77.99
Indianapolis Colts,Autographed Football,99.89
Indianapolis Colts,Team pennant,17.99
Indianapolis Colts,Team picture,29.99
Indianapolis Colts,Team jersey,199.99
Jacksonville Jaguars,Signed helmets,77.99
Jacksonville Jaguars,Autographed Football,99.89
Jacksonville Jaguars,Team pennant,17.99
Jacksonville Jaguars,Team picture,29.99
Jacksonville Jaguars,Team jersey,199.99
Kansas City Chiefs,Signed helmets,77.99
Kansas City Chiefs,Autographed Football,99.89
Kansas City Chiefs,Team pennant,17.99
Kansas City Chiefs,Team picture,29.99
Kansas City Chiefs,Team jersey,199.99
Las Vegas Raiders,Signed helmets,77.99
Las Vegas Raiders,Autographed Football,99.89
Las Vegas Raiders,Team pennant,17.99
Las Vegas Raiders,Team picture,29.99
Las Vegas Raiders,Team jersey,199.99
Los Angeles Chargers,Signed helmets,77.99
Los Angeles Chargers,Autographed Football,99.89
Los Angeles Chargers,Team pennant,17.99
Los Angeles Chargers,Team picture,29.99
Los Angeles Chargers,Team jersey,199.99
Los Angeles Rams,Signed helmets,77.99
Los Angeles Rams,Autographed Football,99.89
Los Angeles Rams,Team pennant,17.99
Los Angeles Rams,Team picture,29.99
Los Angeles Rams,Team jersey,199.99
Miami Dolphins,Signed helmets,77.99
Miami Dolphins,Autographed Football,99.89
Miami Dolphins,Team pennant,17.99
Miami Dolphins,Team picture,29.99
Miami Dolphins,Team jersey,199.99
Minnesota Vikings,Signed helmets,77.99
Minnesota Vikings,Autographed Football,99.89
Minnesota Vikings,Team pennant,17.99
Minnesota Vikings,Team picture,29.99
Minnesota Vikings,Team jersey,199.99
New England Patriots,Signed helmets,77.99
New England Patriots,Autographed Football,99.89
New England Patriots,Team pennant,17.99
New England Patriots,Team picture,29.99
New England Patriots,Team jersey,199.99
New Orleans Saints,Signed helmets,77.99
New Orleans Saints,Autographed Football,99.89
New Orleans Saints,Team pennant,17.99
New Orleans Saints,Team picture,29.99
New Orleans Saints,Team jersey,199.99
New York Giants,Signed helmets,77.99
New York Giants,Autographed Football,99.89
New York Giants,Team pennant,17.99
New York Giants,Team picture,29.99
New York Giants,Team jersey,199.99
New York Jets,Signed helmets,77.99
New York Jets,Autographed Football,99.89
New York Jets,Team pennant,17.99
New York Jets,Team picture,29.99
New York Jets,Team jersey,199.99
Philadelphia Eagles,Signed helmets,77.99
Philadelphia Eagles,Autographed Football,99.89
Philadelphia Eagles,Team pennant,17.99
Philadelphia Eagles,Team picture,29.99
Philadelphia Eagles,Team jersey,199.99
Pittsburgh Steelers,Signed helmets,77.99
Pittsburgh Steelers,Autographed Football,99.89
Pittsburgh Steelers,Team pennant,17.99
Pittsburgh Steelers,Team picture,29.99
Pittsburgh Steelers,Team jersey,199.99
San Francisco 49ers,Signed helmets,77.99
San Francisco 49ers,Autographed Football,99.89
San Francisco 49ers,Team pennant,17.99
San Francisco 49ers,Team picture,29.99
San Francisco 49ers,Team jersey,199.99
Seattle Seahawks,Signed helmets,77.99
Seattle Seahawks,Autographed Football,99.89
Seattle Seahawks,Team pennant,17.99
Seattle Seahawks,Team picture,29.99
Seattle Seahawks,Team jersey,199.99
Tampa Bay Buccaneers,Signed helmets,77.99
Tampa Bay Buccaneers,Autographed Football,99.89
Tampa Bay Buccaneers,Team pennant,17.99
Tampa Bay Buccaneers,Team picture,29.99
Tampa Bay Buccaneers,Team jersey,199.99
Tennessee Titans,Signed helmets,77.99
Tennessee Titans,Autographed Football,99.89
Tennessee Titans,Team pennant,17.99
Tennessee Titans,Team picture,29.99
Tennessee Titans,Team jersey,199.99
Washington Redskins,Signed helmets,77.99
Washington Redskins,Autographed Football,99.89
Washington Redskins,Team pennant,17.99
Washington Redskins,Team picture,29.99
Washington Redskins,Team jersey,199.99